                  epoch,         train/box_loss,         train/cls_loss,         train/dfl_loss,   metrics/precision(B),      metrics/recall(B),       metrics/mAP50(B),    metrics/mAP50-95(B),           val/box_loss,           val/cls_loss,           val/dfl_loss,                 lr/pg0,                 lr/pg1,                 lr/pg2
                      0,                 1.8735,                  2.443,                 2.0661,                0.20111,                0.21893,                 0.1167,                0.04228,                 1.9174,                 2.6943,                 2.2838,                 0.0838,                 0.0018,                 0.0018
                      1,                  1.745,                 2.0225,                 1.9515,                0.34453,                0.33728,                0.29766,                0.12412,                 1.9044,                 2.1598,                 2.0588,               0.066663,              0.0036634,              0.0036634
                      2,                 1.6439,                 1.8699,                 1.8263,                0.37441,                0.33728,                0.31878,                0.14515,                 2.0425,                 2.1729,                 2.1448,               0.049489,              0.0054891,              0.0054891
